{"loss": 0.0005317654577083886, "_timestamp": 1701205774.957643, "_runtime": 2202.4938881397247, "_step": 9755, "acc": 0.9174311926605505, "_wandb": {"runtime": 2202}}