{"loss": 0.38696184754371643, "_timestamp": 1701202506.353903, "_runtime": 392.6873641014099, "_step": 1754, "_wandb": {"runtime": 391}}